{
  "expression_metrics": {
    "expr_mse": 0.4274753928184509,
    "expr_mae": 0.30973899364471436,
    "expr_pearson": 0.011219263976530622,
    "n_masked_spots": 634
  },
  "coordinate_metrics": {
    "coord_mse": 2855.4970703125,
    "coord_mae": 46.467185974121094,
    "coord_avg_distance": 70.76296997070312,
    "n_masked_coords": 643
  },
  "clustering_metrics": {
    "silhouette": 0.041103627532720566,
    "ari": 0.21296630862784308,
    "nmi": 0.35395910734385705
  }
}